sammie,jiang,jiangsammie@gmail.com,6045189036,Yes,Any,5:27AM
sammie,jiang,jiangsammie@gmail.com,6045189036,Yes,Any,5:30AM
sammie,jiang,jiangsammie@gmail.com,6045189036,Yes,Any,5:33AM
samie,jiang,jiangsammie@gmail.com,6045189036,Yes,Any,5:34AM
sammie,jiang,jiangsammie@gmail.com,6045189036,Yes,Any,5:36AM
sammie,jiang,jiangsammie@gmail.com,6045189036,Yes,Any,5:38AM
sammie,jiang,jiangsammie@gmail.com,6045189036,Yes,Any,5:39AM
sammie,jing,jiangsammie@gmail.com,6045189036,Yes,Any,5:41AM
sammie,jing,jiangsammie@gmail.com,60451189036,Yes,Any,5:41AM
sammie,jing,jiangsammie@gmail.com,60451189036,Yes,Any,5:41AM
someone,soemthing,something@somethung.com,09809809,Yes,Any,5:46
iuhihji,oiuhjoij,kjhihhi@pijoij.com,097098098098,Yes,Any,547
ouhojo,lhoihjihj,ljkojoj@ojhokh.com,0980808,Yes,Any,549
ouhihihiuh,iujhhoihijho,ihjbibib@gmail.com,09708080,Yes,Any,551
ouhihihiuh,iujhhoihijho,ihjbibib@gmail.com,09708080,Yes,Any,551
sdfasdfasd,sdfasdfasdfads,fdgsfdgsdfg@gmail.com,5345324534543,,Any,
adfsdfg,fsdgsfdgs,fgfdgsdfgsd@null.com,43534534543,Yes,Any,558
asdfadsffdasdf,fasdfasdf,sdaSDasd@null.com,41234123421,Yes,Any,610
asdfasdf,iufhdisdh,foaidsfo@null.com,489134952,Yes,Any,611
,,,,,,
sammie,jiang,jiangsammie@gmail.com,6045189036,Yes,Any,6:29AM
,,,,,,
,,,,,,
sammie,jiang,jiangsammie@gmail.com,6045189036,Yes,Any,6:33AM
,,,,,,
sammie,jiang,jiangsammie@gmail.com,6045189036,Yes,Any,6:35AM
sammie,jiang,jinagsmamie@gmail.com,6045189036,Yes,Any,6:39AM
sammie,jiangng,jiangsammie@gmail.com,6045189036,Yes,Any,7:59AM
sammie,jiangng,jiangsammie@gmail.com,6045189036,Yes,Any,8:07
sammie,jiangng,jiangsammie@gmail.com,6045189036,Yes,Any,8:09
sammie,jiangng,jiangsammie@gmail.com,6045189036,Yes,Any,8:16
soemthign,something,joasdof@oaisjdf.com,9070080808,Yes,Any,8:36
soemthign,something,joasdof@oaisjdf.com,9070080808,Yes,Any,8:36
soemthign,something,joasdof@oaisjdf.com,9070080808,Yes,Any,8:36
soemthign,something,joasdof@oaisjdf.com,9070080808,Yes,Any,8:36
soemthign,something,joasdof@oaisjdf.com,9070080808,Yes,Any,8:36
soemthign,something,joasdof@oaisjdf.com,9070080808,Yes,Any,8:36
soemthign,something,joasdof@oaisjdf.com,9070080808,Yes,Any,8:36
sammie,jiang,jiangsammie@gmail.com,6045189046,Yes,Any,
sammie,jiang,jiangsammie@gmail.com,6045180364,Yes,Any,
soemthign,something,joasdof@oaisjdf.com,9070080808,Yes,Any,8:36
soemthign,something,joasdof@oaisjdf.com,9070080808,Yes,Any,8:36
soemthign,something,joasdof@oaisjdf.com,9070080808,Yes,Any,8:36
soemthign,something,joasdof@oaisjdf.com,9070080808,Yes,Any,8:36
soemthign,something,joasdof@oaisjdf.com,9070080808,Yes,Any,8:36
soemthign,something,joasdof@oaisjdf.com,9070080808,Yes,Any,8:36
soemthign,something,joasdof@oaisjdf.com,9070080808,Yes,Any,8:36
soemthign,something,joasdof@oaisjdf.com,9070080808,Yes,Any,8:36
soemthign,something,joasdof@oaisjdf.com,9070080808,Yes,Any,8:36
soemthign,something,joasdof@oaisjdf.com,9070080808,Yes,Any,8:36
soemthign,something,joasdof@oaisjdf.com,9070080808,Yes,Any,8:36
sammie,jiangng,jiangsammie@gmail.com,6045189036,Yes,Any,
soemthign,something,joasdof@oaisjdf.com,9070080808,Yes,Any,8:36
soemthign,something,joasdof@oaisjdf.com,9070080808,Yes,Any,8:36
soemthign,something,joasdof@oaisjdf.com,9070080808,Yes,Any,8:36
soemthign,something,joasdof@oaisjdf.com,9070080808,Yes,Any,8:36
sammie,jiangng,jiangsammie@gmail.com,6045189036,Yes,Any,
